{
  "project_info": {
    "project_number": "241029136464",
    "firebase_url": "https://fir-app-4ed94.firebaseio.com",
    "project_id": "fir-app-4ed94",
    "storage_bucket": "fir-app-4ed94.appspot.com"
  },
  "client": [
    {
      "client_info": {
        "mobilesdk_app_id": "1:241029136464:android:186914550b5c1b48",
        "android_client_info": {
          "package_name": "com.inti.firebaseapp"
        }
      },
      "oauth_client": [
        {
          "client_id": "241029136464-2rv6752rm0b9ta93hedajdg63aiicvpi.apps.googleusercontent.com",
          "client_type": 1,
          "android_info": {
            "package_name": "com.inti.firebaseapp",
            "certificate_hash": "74eff78291de294f570418f71bb0b55fdfe50356"
          }
        },
        {
          "client_id": "241029136464-lkn77pface3vjk2rcf9u79bl5bl6vidp.apps.googleusercontent.com",
          "client_type": 3
        }
      ],
      "api_key": [
        {
          "current_key": "AIzaSyBqtgKtgu88jGugB6d54mtNUsbwGF1zWkk"
        }
      ],
      "services": {
        "appinvite_service": {
          "other_platform_oauth_client": [
            {
              "client_id": "241029136464-lkn77pface3vjk2rcf9u79bl5bl6vidp.apps.googleusercontent.com",
              "client_type": 3
            }
          ]
        }
      }
    }
  ],
  "configuration_version": "1"
}